{"R2": 0.9758657756153231, "MAE": 429.43381714188723, "RMSE": 2588.720205228403}